name,position,team,pass_yds,pass_tds,pass_ints,rush_yds,rush_tds,receptions,rec_yds,rec_tds,two_pts,adp,bye_week,injury_status
Jalen Hurts,QB,PHI,873.6,6.4,2.0,163.6,3.2,0.0,0.0,0.0,0.0,1,0,HEALTHY
Lamar Jackson,QB,BAL,943.6,7.2,1.6,205.2,0.8,0.0,0.0,0.0,0.0,2,0,HEALTHY
Jayden Daniels,QB,WAS,909.2,6.4,2.0,192.4,1.6,0.0,0.0,0.0,0.0,3,0,HEALTHY
Josh Allen,QB,BUF,962.8,6.4,2.0,135.2,2.0,0.0,0.0,0.0,0.0,4,0,HEALTHY
Joe Burrow,QB,CIN,1113.2,8.8,2.8,46.0,0.4,0.0,0.0,0.0,0.0,5,0,HEALTHY
Baker Mayfield,QB,TB,1016.8,8.0,3.6,72.8,0.4,0.0,0.0,0.0,0.0,6,0,HEALTHY
Patrick Mahomes,QB,KC,1016.0,6.8,2.4,90.4,0.4,0.0,0.0,0.0,0.0,7,0,HEALTHY
Bo Nix,QB,DEN,911.2,6.8,2.0,105.6,0.8,0.0,0.0,0.0,0.0,8,0,HEALTHY
Kyler Murray,QB,MIN,937.6,5.6,3.2,142.8,1.2,0.0,0.0,0.0,0.0,9,0,HEALTHY
Trevor Lawrence,QB,JAC,948.0,6.0,3.2,70.0,0.8,0.0,0.0,0.0,0.0,10,0,HEALTHY
Saquon Barkley,RB,PHI,0.0,0.0,0.0,422.8,3.2,9.6,74.0,0.4,0.0,11,0,HEALTHY
Bijan Robinson,RB,ATL,0.0,0.0,0.0,332.8,2.8,14.0,105.2,0.4,0.0,12,0,HEALTHY
Jahmyr Gibbs,RB,DET,0.0,0.0,0.0,294.4,2.4,13.2,111.6,0.4,0.0,13,0,HEALTHY
Christian McCaffrey,RB,SF,0.0,0.0,0.0,277.6,2.0,15.6,134.8,0.8,0.0,14,0,HEALTHY
Jonathan Taylor,RB,IND,0.0,0.0,0.0,357.6,3.2,7.2,49.6,0.4,0.0,15,0,HEALTHY
De'Von Achane,RB,MIA,0.0,0.0,0.0,259.6,2.0,16.8,125.2,0.8,0.0,16,0,HEALTHY
Derrick Henry,RB,BAL,0.0,0.0,0.0,365.2,3.2,5.2,40.8,0.4,0.0,17,0,HEALTHY
Bucky Irving,RB,TB,0.0,0.0,0.0,308.0,2.0,11.6,86.0,0.4,0.0,18,0,HEALTHY
Josh Jacobs,RB,GB,0.0,0.0,0.0,288.8,2.8,9.6,79.2,0.4,0.0,19,0,HEALTHY
Kyren Williams,RB,LAR,0.0,0.0,0.0,309.6,2.8,8.0,50.8,0.4,0.0,20,0,HEALTHY
Ja'Marr Chase,WR,CIN,0.0,0.0,0.0,2.8,0.0,28.4,385.2,3.2,0.0,21,0,HEALTHY
Justin Jefferson,WR,MIN,0.0,0.0,0.0,0.0,0.0,26.0,386.0,2.4,0.0,22,0,HEALTHY
CeeDee Lamb,WR,DAL,0.0,0.0,0.0,10.4,0.0,26.8,341.2,2.0,0.0,23,0,HEALTHY
Nico Collins,WR,HOU,0.0,0.0,0.0,0.4,0.0,24.0,350.4,2.0,0.0,24,0,HEALTHY
Malik Nabers,WR,NYG,0.0,0.0,0.0,2.8,0.0,26.4,334.4,2.0,0.0,25,0,HEALTHY
Brian Thomas,WR,JAC,0.0,0.0,0.0,4.8,0.0,22.0,318.8,2.4,0.0,26,0,HEALTHY
Mike Evans,WR,SF,0.0,0.0,0.0,0.0,0.0,22.4,294.8,2.8,0.0,27,0,HEALTHY
Puka Nacua,WR,LAR,0.0,0.0,0.0,10.0,0.0,24.4,326.8,1.6,0.0,28,0,HEALTHY
Amon-Ra St. Brown,WR,DET,0.0,0.0,0.0,2.4,0.0,26.4,301.6,2.0,0.0,29,0,HEALTHY
A.J. Brown,WR,NE,0.0,0.0,0.0,0.0,0.0,21.2,308.8,2.0,0.0,30,0,HEALTHY
Brock Bowers,TE,LV,0.0,0.0,0.0,0.0,0.0,26.0,278.8,1.6,0.0,31,0,HEALTHY
Trey McBride,TE,ARI,0.0,0.0,0.0,0.0,0.0,25.2,266.8,1.6,0.0,32,0,HEALTHY
George Kittle,TE,SF,0.0,0.0,0.0,0.0,0.0,19.6,255.6,1.6,0.0,33,0,HEALTHY
Travis Kelce,TE,KC,0.0,0.0,0.0,0.0,0.0,21.6,210.4,1.2,0.0,34,0,HEALTHY
David Njoku,TE,LAC,0.0,0.0,0.0,0.0,0.0,20.8,215.2,1.6,0.0,35,0,HEALTHY
Mark Andrews,TE,BAL,0.0,0.0,0.0,0.0,0.0,16.4,186.4,1.6,0.0,36,0,HEALTHY
T.J. Hockenson,TE,MIN,0.0,0.0,0.0,0.0,0.0,18.8,200.8,0.8,0.0,37,0,HEALTHY
Sam LaPorta,TE,DET,0.0,0.0,0.0,0.0,0.0,16.4,179.6,1.2,0.0,38,0,HEALTHY
Tyler Warren,TE,IND,0.0,0.0,0.0,0.0,0.0,15.6,164.0,1.2,0.0,39,0,HEALTHY
Evan Engram,TE,DEN,0.0,0.0,0.0,0.0,0.0,17.6,151.6,1.2,0.0,40,0,HEALTHY
